Instrumento;Categoria;Edad_Rango_Aplicacion;Fuente_Dato
16 PF VERSION 5 - 185 preg;Socioemocional y Conducta;16 años en adelante;Estimación (Claude, por nombre)
16PF;Socioemocional y Conducta;16 años en adelante;Estimación (Claude, por nombre)
16pf-5 - 105 Preg;Socioemocional y Conducta;16 años en adelante;Estimación (Claude, por nombre)
BF-5 - Test de personalidad;Socioemocional y Conducta;Adultos (18 años en adelante);Verificado (RUAH)
BFQ - Big Five 3era ED;Socioemocional y Conducta;11 a 19 años (Adolescentes) / Adultos según versión;Estimación (Claude, por nombre)
CAQ - Cuestionario de Análisis clínico;Socioemocional y Conducta;Adultos;Estimación (Claude, por nombre)
CIV GORDON - cuestionario de valores interpersonales;Socioemocional y Conducta;Adolescentes y Adultos (A partir de 15 años);Verificado (RUAH)
CPQ - Cuestionario de Personalidad para niños;Socioemocional y Conducta;8 a 12 años;Estimación (Claude, por nombre)
CPQ - Cuestionario de personalidad para niños Forma A;Socioemocional y Conducta;8 a 12 años;Estimación (Claude, por nombre)
CPQ -A - cuestionario de personalidad para niños de 8 a 12 años;Socioemocional y Conducta;8 a 12 años;Estimación (Claude, por nombre)
CPS - Cuestionario de personalidad situacional;Socioemocional y Conducta;Adultos (18 años en adelante);Verificado (RUAH)
EPQ-A (de 8 a 15) y J (16 en adelante);Socioemocional y Conducta;8 a 15 años (forma A) / 16 años en adelante (forma J);Estimación (Claude, por nombre)
EPQ-R - Cuestionario de Personalidad de Eysenk;Socioemocional y Conducta;16 años en adelante;Estimación (Claude, por nombre)
ESPQ - Cuestionario de personalidad para niños;Socioemocional y Conducta;6 a 8 años;Estimación (Claude, por nombre)
Estudio de Valores- Gordon Segunda edición;Socioemocional y Conducta;Adolescentes y Adultos (A partir de 15 años);Verificado (RUAH)
EYSENCK (A) TEST DE PERSONALIDAD NIÑOS;Socioemocional y Conducta;Población infantil (rango exacto no determinable solo por nombre);Estimación (Claude, por nombre)
EYSENCK (B) TEST DE PERSONALIDAD ADULTOS;Socioemocional y Conducta;Población adulta (rango exacto no determinable solo por nombre);Estimación (Claude, por nombre)
GORDON - SIV;Socioemocional y Conducta;Adolescentes y Adultos (A partir de 15 años);Verificado (RUAH)
HSPQ - Cuestionario de personalidad para adolescentes HSPQ;Socioemocional y Conducta;12 a 18 años;Estimación (Claude, por nombre)
IPV - Inventario de personalidad para vendedores;Socioemocional y Conducta;Adultos (18 años en adelante);Verificado (RUAH)
MACI - Millon Inventario clinico para adolescentes;Socioemocional y Conducta;13 a 19 años;Estimación (Claude, por nombre)
MBTI - TEST MYERS – BRIGGS;Socioemocional y Conducta;Adultos y adolescentes (14 años en adelante, según forma);Estimación (Claude, por nombre)
MCMI-III (ING) - INVENTARIO MULTIAXIAL CLÍNICO DE MILLON;Socioemocional y Conducta;18 años en adelante;Estimación (Claude, por nombre)
MILLON III- Inventario Multiaxial Clínico;Socioemocional y Conducta;18 años en adelante;Estimación (Claude, por nombre)
MILLON-MAPI;Socioemocional y Conducta;Adolescentes (13-19 años);Verificado (RUAH)
MIPS - inventario Millon de estilos de personalidad;Socioemocional y Conducta;Adultos (18 años en adelante);Verificado (RUAH)
MMPI -A - Inventario multifasico de personalidad de Minnesota para adolescentes;Socioemocional y Conducta;14 a 18 años;Estimación (Claude, por nombre)
MMPI 1 - Con aplicacion a la psicopatología;Socioemocional y Conducta;18 años en adelante;Estimación (Claude, por nombre)
MMPI- APLICACIÓN DEL MMPI EN PSICOPATOLOGIA;Socioemocional y Conducta;18 años en adelante;Estimación (Claude, por nombre)
MMPI--RF Inventario multifasico de personalidad de minnesota- 2 reestructurado;Socioemocional y Conducta;18 años en adelante;Estimación (Claude, por nombre)
MMPI-2;Socioemocional y Conducta;18 años en adelante;Estimación (Claude, por nombre)
MMPI-A;Socioemocional y Conducta;14 a 18 años;Estimación (Claude, por nombre)
NEO-PI-R NEO-FFI;Socioemocional y Conducta;17 años en adelante;Estimación (Claude, por nombre)
NEO_PI_R - inventario de personalidad Neo;Socioemocional y Conducta;17 años en adelante;Estimación (Claude, por nombre)
NEOFFI - Inventario de personalidad;Socioemocional y Conducta;17 años en adelante;Estimación (Claude, por nombre)
P IPG - NUEVA VERSION - Inventario de Personalidad;Socioemocional y Conducta;Adolescentes y Adultos;Verificado (RUAH)
PPG-IPG - Cuestionario de personalidad de Gordon;Socioemocional y Conducta;Adolescentes y Adultos (A partir de 15 años);Verificado (RUAH)
TAYLOR - Análisis del temperamento;Procesamiento cognitivo;Adultos;Verificado (RUAH)
ZKPQ - Cuestionario de Personalidad;Socioemocional y Conducta;Adultos (18 años en adelante);Verificado (RUAH)
ZKPQ-50-CC - Cuestionario de personalidad;Socioemocional y Conducta;Adultos (18 años en adelante);Verificado (RUAH)
ZKPQ-III - Cuestionario de personalidad;Socioemocional y Conducta;Adultos (18 años en adelante);Verificado (RUAH)
BDI II - Inventario de depresión de BECK;Socioemocional y Conducta;13 años en adelante;Estimación (Claude, por nombre)
BECK- Escalas de Conductas Suicidas - BECK;Socioemocional y Conducta;Adultos (Escala de Ideación/Conductas Suicidas: 13 años en adelante);Estimación (Claude, por nombre)
BRIEF- Inventario de funciones Ejecutivas;Funciones ejecutivas;"5 a 18 años (BRIEF-2); existe versión adultos (BRIEF-A) 18-90 años";Estimación (Claude, por nombre)
CAMBIOS - Test de Flexibilidad cognitiva;Funciones ejecutivas;Adolescentes y Adultos (A partir de 15 años);Verificado (RUAH)
CDI - Inventario de Depreción infantil;Socioemocional y Conducta;7 a 15 años;Estimación (Claude, por nombre)
CDI - Inventario de habilidades comunicativas de MacArthur;Socioemocional y Conducta;Niños (8 a 30 meses);Verificado (RUAH)
CHIPS - Entrevista para sindromes Psiquiatricos en Niños y Adolescentes (CHIPS);Socioemocional y Conducta;Población infantil (rango exacto no determinable solo por nombre);Estimación (Claude, por nombre)
Conners - Trastorno por Hiperactividad y Déficit de atención;Atención;"3 a 17 años (formas para padres/profesores); Conners adultos 18+";Estimación (Claude, por nombre)
DIVA - ENTREVISTA DIAGNÓSTICA DEL TDAH EN ADULTOS;Socioemocional y Conducta;Adultos (18 años en adelante);Estimación (Claude, por nombre)
Escala de HAMILTON - DEPRESION;Socioemocional y Conducta;Adultos;Estimación (Claude, por nombre)
Escala de Ideación Suicida de Beck;Socioemocional y Conducta;Adultos (Escala de Ideación/Conductas Suicidas: 13 años en adelante);Estimación (Claude, por nombre)
ESMIDAS - Escala de deficit de atención en niños, adolescentes y adultos;Atención;6 a 18 años y adultos (versión ampliada);Estimación (Claude, por nombre)
IDARE - Inventario de ansiedad rasgo estado - M - Spielberger;Socioemocional y Conducta;Adolescentes y adultos (15 años en adelante);Estimación (Claude, por nombre)
IDERE - Inventario de depresion estado-rasgo;Socioemocional y Conducta;Adolescentes y Adultos;Verificado (RUAH)
Inventario de Beck para la depresión;Socioemocional y Conducta;Adultos (Escala de Ideación/Conductas Suicidas: 13 años en adelante);Estimación (Claude, por nombre)
MOLDES - Test de Estrategias Cognitivo-Emocionales;Socioemocional y Conducta;A partir de 14 años (Adolescentes y Adultos);Verificado (RUAH)
PERSONA BAJO LA LLUVIA EN DISCAPACITADOS - Silvia M Querol;Creatividad;Niños, Adolescentes y Adultos (General);Verificado (RUAH)
SCL-90R - Cuestionario de 90 Síntomas;Socioemocional y Conducta;13 años en adelante;Estimación (Claude, por nombre)
SCQ - Cuestionario de Comunicación Social;Socioemocional y Conducta;4 años en adelante (edad mental mínima 2 años);Estimación (Claude, por nombre)
SDMT - Test de dígitos y símbolos;Socioemocional y Conducta;8 años en adelante;Estimación (Claude, por nombre)
STAI - CUESTIONARIO DE ANSIEDAD ESTADO RASGO;Socioemocional y Conducta;8 a 15 años (STAIC) y 16 años en adelante (STAI);PsicoGest (ficha técnica verificada)
STAI- Cuestionario de ansiedad estado rasgo- 8ed Ampliada;Socioemocional y Conducta;Adolescentes y adultos (16 años en adelante);Estimación (Claude, por nombre)
STAIC - CUESTI. DE AUTOEV. ANSIEDAD-ESTADO-RASGO EN NIÑO - Spielberger;Socioemocional y Conducta;9 a 15 años;Estimación (Claude, por nombre)
STAIC - T - Adap Española;Socioemocional y Conducta;9 a 15 años;Estimación (Claude, por nombre)
STAXI - NA - Inventario de expresion de ira estado-rasgo en niño y adolescentes;Socioemocional y Conducta;16 a 24 años (niños/adolescentes forma NA: 8-18 años aprox.);Estimación (Claude, por nombre)
STAXI-2 - INVENTARIO DE EXPRESION DE IRA RASGO-ESTADO;Socioemocional y Conducta;16 años en adelante;Estimación (Claude, por nombre)
TDAH - CUESTIONARIO DE CRIBADO DEL TDAH PARA ADOLESCENTES Y ADULTOS;Socioemocional y Conducta;Adolescentes y adultos;Estimación (Claude, por nombre)
ZUNG - ESCALAS DE AUTOMEDICION DE LA Ansiedad;Socioemocional y Conducta;Adultos;Estimación (Claude, por nombre)
ZUNG - ESCALAS DE AUTOMEDICION DE LA Depresión;Socioemocional y Conducta;Adultos;Estimación (Claude, por nombre)
CAT-S - Test de apercepcion infantil Suplemento;Socioemocional y Conducta;3 a 10 años;Estimación (Claude, por nombre)
CUESTIONARIO DESIDERATIVO;Socioemocional y Conducta;Niños, Adolescentes y Adultos (General);Verificado (RUAH)
CUESTIONARIO DESIDERATIVO APLICADO A NIÑOS;Socioemocional y Conducta;Población infantil (rango exacto no determinable solo por nombre);Estimación (Claude, por nombre)
DUSS - Fábulas incompletas;Socioemocional y Conducta;Niños (3 a 9 años);Verificado (RUAH)
EL TEST DE SACKS;Procesamiento cognitivo;Adolescentes y Adultos;Verificado (RUAH)
El test Vads de Koppitz;Socioemocional y Conducta;Niños (5 a 12 años);Verificado (RUAH)
ESFA - Escala de satisfaccion familiar por adjetivos;Procesamiento cognitivo;A partir de 12 años (Adolescentes y Adultos);Verificado (RUAH)
FES DE MOSS - ESCALA DEL CLIMA SOCIAL FAMILIAR;Socioemocional y Conducta;A partir de 12 años (Adolescentes y Adultos);Verificado (RUAH)
Ficha de tamizaje- Violencia intrafamiliar y Maltrato infantil;Procesamiento cognitivo;Población infantil (rango exacto no determinable solo por nombre);Estimación (Claude, por nombre)
FIGURA HUMANA DE KAREN MACHOVER;Socioemocional y Conducta;Niños, Adolescentes y Adultos (General);Verificado (RUAH)
GARABATOS - Evi Croti;Procesamiento cognitivo;Niños (2 a 6 años);Verificado (RUAH)
Garabatos - Louis Corman;Procesamiento cognitivo;Niños (2 a 6 años);Verificado (RUAH)
HTP - John N Buck;Socioemocional y Conducta;Niños, Adolescentes y Adultos (General);Verificado (RUAH)
HTP - Karen Rocher;Socioemocional y Conducta;Niños, Adolescentes y Adultos (General);Verificado (RUAH)
HTP- Casa Arbol Persona;Socioemocional y Conducta;Niños, Adolescentes y Adultos (General);Verificado (RUAH)
Juego de Interrelaciones Familiares;Procesamiento cognitivo;Adolescentes y Adultos;Verificado (RUAH)
PAISAJE - Boffa Guberman;Socioemocional y Conducta;Adolescentes y Adultos;Verificado (RUAH)
PATA NEGRA;Procesamiento cognitivo;4 a 16 años;PsicoGest (ficha técnica verificada)
PERSONA BAJO LA LLUVIA - en el ámbito educativo;Procesamiento cognitivo;Niños, Adolescentes y Adultos (General);Verificado (RUAH)
PERSONA BAJO LA LLUVIA- Silvia M Querol;Procesamiento cognitivo;Niños, Adolescentes y Adultos (General);Verificado (RUAH)
SACKS - FRASES INCOMPLETAS - ADOLESCENTES;Procesamiento cognitivo;Población adolescente (rango exacto no determinable solo por nombre);Estimación (Claude, por nombre)
SACKS - FRASES INCOMPLETAS - ADULTOS;Procesamiento cognitivo;Población adulta (rango exacto no determinable solo por nombre);Estimación (Claude, por nombre)
SACKS - FRASES INCOMPLETAS - NIÑOS;Procesamiento cognitivo;Población infantil (rango exacto no determinable solo por nombre);Estimación (Claude, por nombre)
SINTESIS ANALITICA DE FIGURAS DEL TEST ARBOL;Socioemocional y Conducta;Niños, Adolescentes y Adultos (General);Verificado (RUAH)
T2F - Test de dibujo de dos figuras humanas;Procesamiento cognitivo;Niños (5 a 12 años);Verificado (RUAH)
T2PT - Test de las Dos personas Trabajando;Procesamiento cognitivo;Adolescentes y Adultos;Verificado (RUAH)
TAF - TEST DE APTITUDES FAMILIARES;Procesamiento cognitivo;Adolescentes y Adultos;Verificado (RUAH)
TAT - Test de apercepción Temática TAT;Socioemocional y Conducta;Adolescentes y adultos;Estimación (Claude, por nombre)
TEST CAT A Y H;Procesamiento cognitivo;Niños (3 a 10 años);Verificado (RUAH)
Test de Apercepcion Tematica - TAT;Procesamiento cognitivo;Adolescentes y adultos;Estimación (Claude, por nombre)
Test de la Familia - Louis Corman;Procesamiento cognitivo;Desde 5 años;PsicoGest (ficha técnica verificada)
Test de la Familia Ampliada a 103 ilustraciones;Procesamiento cognitivo;Desde 5 años;PsicoGest (ficha técnica verificada)
Test de la familia en la practica medico pedagogica - Louis Corman;Procesamiento cognitivo;Desde 5 años;PsicoGest (ficha técnica verificada)
TEST DE LA FAMILIA KINETICA;Procesamiento cognitivo;Desde 5 años;PsicoGest (ficha técnica verificada)
Test de las Fábulas de Duss;Socioemocional y Conducta;Niños (3 a 9 años);Verificado (RUAH)
Test de Machover;Socioemocional y Conducta;Niños, Adolescentes y Adultos (General);Verificado (RUAH)
Test de Rorschach;Socioemocional y Conducta;Niños, Adolescentes y Adultos (General);Verificado (RUAH)
Test de tecnicas proyectivas TAT, CAT-A, CAT-H y SAT;Procesamiento cognitivo;Adolescentes y adultos;Estimación (Claude, por nombre)
Test Del Arbol - El Dibujo del Arbol como medio diagnostico auxiliar - Karl Koch;Socioemocional y Conducta;Desde 5/6 años;PsicoGest (ficha técnica verificada)
TEST DEL ARBOL - Silvia Mabel Querol;Socioemocional y Conducta;Desde 5/6 años;PsicoGest (ficha técnica verificada)
Test del arbol de Rene Stora;Socioemocional y Conducta;Desde 5/6 años;PsicoGest (ficha técnica verificada)
Test desiderativo;Socioemocional y Conducta;Niños, Adolescentes y Adultos (General);Verificado (RUAH)
TEST SZONDI - Dx experimental de los instintos;Socioemocional y Conducta;Niños, Adolescentes y Adultos (General);Verificado (RUAH)
TEST VADS DE KOPPITZ;Socioemocional y Conducta;Niños (5 a 12 años);Verificado (RUAH)
WARTEGG- 8 campos;Socioemocional y Conducta;Niños, Adolescentes y Adultos (General);Verificado (RUAH)
Z De Zulliger;Socioemocional y Conducta;Niños, Adolescentes y Adultos (General);Verificado (RUAH)
CAPS - EXAMEN DE DETERNINCION DE APTITUD VOCACIONAL;Orientación vocacional;Adolescentes y Adultos (Orientación Vocacional);Verificado (RUAH)
CASM 83 R91- INVENTARIO DE INTERESES VOCACIONALES Y OCUPACIONALES;Orientación vocacional;Adolescentes (orientación vocacional);Estimación (Claude, por nombre)
CASM 85-R2005 - INVENTARIO DE HÁBITOS DE ESTUDIO;Orientación vocacional;Adolescentes y adultos (hábitos de estudio);Estimación (Claude, por nombre)
CES DE MOSS - Clima Social en clase;Orientación vocacional;Adultos (Ámbito Laboral);Verificado (RUAH)
CHASIDE - TEST DE ORIENTACIÓN VOCACIONAL OCUPACIONAL;Orientación vocacional;Adolescentes (14-18 años, orientación vocacional);Estimación (Claude, por nombre)
CIP-R-CUESTIONARIO DE INTERESES VOCACIONALES-PROFESIONALES;Orientación vocacional;Adolescentes y Adultos (Orientación Vocacional);Verificado (RUAH)
CL - SPC - ESCALA CLIMA LABORAL CL-SPC;Orientación vocacional;Adultos (Ámbito Laboral);Verificado (RUAH)
CLA - Clima laboral;Orientación vocacional;Adultos (Ámbito Laboral);Verificado (RUAH)
CLEAVER;Orientación vocacional;Adultos (Ámbito Laboral);Verificado (RUAH)
CLIMA MOTIVACIONAL EN LA CLASE - Luisa Irureta;Orientación vocacional;Adultos (Ámbito Laboral);Verificado (RUAH)
CUESTIONARIO PARA MEDIR EL ESTRESS LABORAL DE LA OMS;Orientación vocacional;Adultos (Ámbito Laboral);Verificado (RUAH)
DISA - Clima Organizacional;Orientación vocacional;Adultos (Ámbito Laboral);Verificado (RUAH)
Disc - Sistema de Perfil Personal;Orientación vocacional;Adultos (Ámbito Laboral);Verificado (RUAH)
DISC Clásico 2.0 - TEST DE PERFILES PERSONALES;Orientación vocacional;Adultos (Ámbito Laboral);Verificado (RUAH)
Escala de Clima Laboral de Wes (WES-MOSS);Orientación vocacional;Adultos (Ámbito Laboral);Verificado (RUAH)
ESCALA DE ESTRES Y BURNOUT;Orientación vocacional;Adultos (Ámbito Laboral);Verificado (RUAH)
ESCALA DE ESTRESORES LABORALES - Mithely;Orientación vocacional;Adultos (Ámbito Laboral);Verificado (RUAH)
ESLA - ESCALA DE SATISFACCION LABORAL PARA DOCENTES;Orientación vocacional;Adultos (Ámbito Laboral);Verificado (RUAH)
GRV - TEST DE LIDERAZGO GRV;Orientación vocacional;Adultos (Ámbito Laboral);Verificado (RUAH)
GRV- TEST DEL Clima laboral - GRV;Orientación vocacional;Adultos (Ámbito Laboral);Verificado (RUAH)
HOLLAND - TEST DE ORIENTACION VOCACIONAL;Orientación vocacional;Adolescentes y adultos (orientación vocacional);Estimación (Claude, por nombre)
INVENTARIO DE BURNOUT DE MASLACH;Orientación vocacional;Adultos (Ámbito Laboral);Verificado (RUAH)
IPP - Intereses y preferencias Profesionales;Orientación vocacional;Adolescentes y Adultos (Orientación Vocacional);Verificado (RUAH)
IPP - INVENTARIO DE PREFERENCIAS E INTERESES PROFESIONALES - Maria Victoria;Orientación vocacional;Adolescentes y Adultos (Orientación Vocacional);Verificado (RUAH)
IPP Preferencias Profesionales Nueva versión;Orientación vocacional;Adolescentes y Adultos (Orientación Vocacional);Verificado (RUAH)
JSS - Escala de estres laboral;Orientación vocacional;Adultos (Ámbito Laboral);Verificado (RUAH)
Kuder - INTERES PROFESIONALES KUDER abreviado;Orientación vocacional;Adolescentes y adultos (orientación vocacional);Estimación (Claude, por nombre)
Kuder-c;Orientación vocacional;Adolescentes y adultos (orientación vocacional);Estimación (Claude, por nombre)
LIDERAZGO - Escala de automedición;Orientación vocacional;Adultos (Ámbito Laboral);Verificado (RUAH)
MBI - Inventario de Burnout de Maslach;Orientación vocacional;Adultos (Ámbito Laboral);Verificado (RUAH)
NEGO - Habilidades en Negociación;Orientación vocacional;Adultos (Ámbito Laboral);Verificado (RUAH)
NEGO - NUEVA VERSION 3era Edición;Orientación vocacional;Adultos (Ámbito Laboral);Verificado (RUAH)
PRUEBAS DE DISCRIMINACION AUDITIVA;Orientación vocacional;5 a 6 años y medio;PsicoGest (ficha técnica verificada)
SL - SPC - ESCALA SATISFACCION LABORAL SL-SPC;Orientación vocacional;Adultos (Ámbito Laboral);Verificado (RUAH)
SOVI-3 - Sistema de orientación vocacional informatizado;Orientación vocacional;Adolescentes y Adultos (Orientación Vocacional);Verificado (RUAH)
TAV - TEST APRECIACION DE VENDEDORES;Orientación vocacional;Adultos (18 años en adelante);Verificado (RUAH)
TEST BURNOUT- Maslach;Orientación vocacional;Adultos (Ámbito Laboral);Verificado (RUAH)
TEST DE RIESGOS LABORALES;Orientación vocacional;Adultos (Ámbito Laboral);Verificado (RUAH)
UPN - INVENTARIO DE PREFERENCIAS LABORALES EN PSICOLOGIA;Orientación vocacional;Adultos (Ámbito Laboral);Verificado (RUAH)
WES DE MOSS CLIMA LABORAL ORGANIZACIONAL;Orientación vocacional;Adultos (Ámbito Laboral);Verificado (RUAH)
WES FES CIES CES - ESCALAS DE CLIMA SOCIAL;Orientación vocacional;Adultos (Ámbito Laboral);Verificado (RUAH)
ALLPORT - TEST DE VALORES DE ALLPORT;Procesamiento cognitivo;Adolescentes y Adultos;Verificado (RUAH)
BAC - Batería para la actividad comercial;Procesamiento cognitivo;Adolescentes y Adultos;Verificado (RUAH)
BARON NA - NIÑOS - Completo;Procesamiento cognitivo;Población infantil (rango exacto no determinable solo por nombre);Estimación (Claude, por nombre)
BARSIT - Test de Habilidad mental;Procesamiento cognitivo;Niños (a partir de 3er grado) y Adultos;Verificado (RUAH)
BAS (1 y 2 ) - Bateria de Socializacion;Socioemocional y Conducta;6 a 15 años (BAS 1 y 2);Estimación (Claude, por nombre)
BAS - 3 - Bateria de socialización;Socioemocional y Conducta;12 a 20 años;Estimación (Claude, por nombre)
BAT 7 - Batería de aptitudes de TEA;Procesamiento cognitivo;12 años en adelante (educación secundaria y superior);Estimación (Claude, por nombre)
BATELLE - Inventario de desarrollo;Procesamiento cognitivo;0 a 8 años;Estimación (Claude, por nombre)
Bateria de prueba de integracion funcional basica;Procesamiento cognitivo;Niños (5 a 7 años);Verificado (RUAH)
BC - Batería para conductores;Procesamiento cognitivo;Adolescentes y Adultos;Verificado (RUAH)
BDGP - Batería de Despistaje para niños de 1er. grado;Procesamiento cognitivo;6 a 7 años (1er grado);Estimación (Claude, por nombre)
BELL - Cuestionario de Adaptación para Adolescentes de Bell;Procesamiento cognitivo;Población adolescente (rango exacto no determinable solo por nombre);Estimación (Claude, por nombre)
BERGER - CUESTIONARIO CARACTEROLÓGICO;Procesamiento cognitivo;Adolescentes y Adultos;Verificado (RUAH)
BEVTA - Bateria de Exploración Verbal para trastornos de aprendizaje;Procesamiento cognitivo;7 a 12 años;PsicoGest (ficha técnica verificada)
BEVTA - TEST DE EXPLORACIÓN VERBAL PARA TRASTORNOS DE APRENDIZAJE;Procesamiento cognitivo;Niños (7 a 12 años);Verificado (RUAH)
BFA - Batería Factorial de aptitudes;Procesamiento cognitivo;Adolescentes y Adultos;Verificado (RUAH)
BILL 3-6 - batería de inicio de la lectura;Procesos lectores;3 a 6 años;Estimación (Claude, por nombre)
BITE - CUESTIONARIO DE BULIMIA DE EDIMBURGO BITE;Procesamiento cognitivo;Adolescentes y adultos;Estimación (Claude, por nombre)
BO - BATERIA DE OPERARIOS;Procesamiento cognitivo;Adolescentes y Adultos;Verificado (RUAH)
BOEHM-3 -Test Bohem de Conceptos Básicos;Procesamiento cognitivo;5 a 7 años (Educación Primaria);Estimación (Claude, por nombre)
BOEHM-3 Preescolar - Test Bohem de Conceptos Básicos;Procesamiento cognitivo;3 a 5 años (Preescolar);Estimación (Claude, por nombre)
BPA - Batería de Pruebas de Admisión;Procesamiento cognitivo;Adolescentes y Adultos;Verificado (RUAH)
BSQ - Cuestionario de imagen corporal;Lenguaje;Adolescentes y adultos;Estimación (Claude, por nombre)
BTA-R - Batería de tareas administrativas revisada;Procesamiento cognitivo;Adolescentes y Adultos;Verificado (RUAH)
C-SYS - Sistema de calificación de competencias;Procesamiento cognitivo;Adolescentes y Adultos;Verificado (RUAH)
C.A.R.S - Escala de medición de autismo en la niñez;Procesamiento cognitivo;2 años en adelante (aplica en niños, sin límite superior estricto);Estimación (Claude, por nombre)
CAB - Competencias académicas básicas;Procesamiento cognitivo;Adolescentes y Adultos;Verificado (RUAH)
CACIA - Cuestionario de autocontrol infantil y adolescente;Procesamiento cognitivo;10 a 15 años;Estimación (Claude, por nombre)
CAD-S - Cuestionario de Adaptación al Divorcio-Separación;Procesamiento cognitivo;Adolescentes y Adultos;Verificado (RUAH)
CAEPO - Cuestionario de afrontamiento al estrés para pacientes oncológicos;Procesamiento cognitivo;Adolescentes y Adultos;Verificado (RUAH)
CAG - CUESTIONARIO DE AUTOCONCEPTO;Procesamiento cognitivo;Adolescentes y Adultos;Verificado (RUAH)
CAG - Cuestionario de Autoconcepto (CAG);Procesamiento cognitivo;Adolescentes y Adultos;Verificado (RUAH)
CAP - INVENTARIO POTENCIAL DE MALTRATO INFANTIL;Creatividad;Población infantil (rango exacto no determinable solo por nombre);Estimación (Claude, por nombre)
CAP ADO - Cuestionario de adaptación para adolescentes;Creatividad;Población adolescente (rango exacto no determinable solo por nombre);Estimación (Claude, por nombre)
CAP ADU - Cuestionario de adpatacion para adultos;Creatividad;Población adulta (rango exacto no determinable solo por nombre);Estimación (Claude, por nombre)
CARAS - TEA EDICIONES 9 EDICION;Procesamiento cognitivo;6 a 18 años;Estimación (Claude, por nombre)
Caras -TEST DE PERCEPCION DE DIFERENCIAS- L L Thurstone;Procesamiento cognitivo;Niños, Adolescentes y Adultos (6 años en adelante);Verificado (RUAH)
CARAS-R;Procesamiento cognitivo;6 a 18 años;Estimación (Claude, por nombre)
CAS - Cuestionario de ansiedad infantil CAS 4ª edicion;Socioemocional y Conducta;6 a 15 años;Estimación (Claude, por nombre)
CASIA - Cuestionario de conductas antisociales en la infancia y adolescencia;Socioemocional y Conducta;10 a 18 años;Estimación (Claude, por nombre)
CASU -FACTORES DE RIESGO DE TRAS DE LA COND ALIMENT;Procesamiento cognitivo;Adolescentes y adultos;Estimación (Claude, por nombre)
CAT- A - Test de apercepción Temática (de 3 a 10 años);Socioemocional y Conducta;3 a 10 años;Estimación (Claude, por nombre)
CDS - Cuestionario de depresión para niños CDS;Socioemocional y Conducta;8 a 15 años;Estimación (Claude, por nombre)
CEA - Cuestionario de estrategias de aprendizaje;Procesamiento cognitivo;Adolescentes y Adultos;Verificado (RUAH)
CEAL - Cuestionario De La Efectividad Y Adaptabilidad Del Lider;Procesamiento cognitivo;Adolescentes y Adultos;Verificado (RUAH)
CET - DE - Cuestionario estructural tetradimensional para la depresión;Socioemocional y Conducta;Adolescentes y Adultos;Verificado (RUAH)
CHAEA - CUESTIONARIO DE HABITOS Y ESTILOS DE APRENDIZAJE;Procesamiento cognitivo;Adultos (estudiantes universitarios);Estimación (Claude, por nombre)
CHTE - cuestionario de tecnicas y habitos de estudio - Manuel Alvarez;Procesamiento cognitivo;Adolescentes y Jóvenes (Secundaria y Universidad);Verificado (RUAH)
CIPSA - Cuestionario de intereses profesionales;Orientación vocacional;Adolescentes (orientación vocacional, 14-18 años);Estimación (Claude, por nombre)
CMAS - R - ESCALA DE ANSIEDAD MANIFIESTA EN NIÑOS REVISADA;Socioemocional y Conducta;6 a 18 años;Estimación (Claude, por nombre)
CMASR- 2 - Escala de Ansiedad Manifiesta en Niños Revisada;Socioemocional y Conducta;6 a 18 años;Estimación (Claude, por nombre)
CMMS - Escala de madurez mental de columbia;Procesamiento cognitivo;3 a 12 años;Estimación (Claude, por nombre)
CONOCIENDO MIS EMOCIONES - Niños - PRIMARIA - Ruiz;Procesamiento cognitivo;Población infantil (rango exacto no determinable solo por nombre);Estimación (Claude, por nombre)
CONVES - Programa para la mejora de la convivencia escolar;Procesamiento cognitivo;8 a 16 años (edad escolar);Estimación (Claude, por nombre)
COOPER SMITH - INVENTARIO DE AUTOESTIMA - NIÑOS- ESCOLAR;Socioemocional y Conducta;8 a 15 años;Estimación (Claude, por nombre)
COOPER SMITH -INVENTARIO DE AUTOESTIMA - JOVENES;Socioemocional y Conducta;16 a 18 años;Estimación (Claude, por nombre)
COOPER SMITH- INVENTARIO DE AUTOESTIMA - ADULTOS;Socioemocional y Conducta;Adultos;Estimación (Claude, por nombre)
COOPERSMIT - INVENTARIO DE AUTOESTIMA - ADULTOS;Socioemocional y Conducta;Adultos;Estimación (Claude, por nombre)
COOPERSMIT - INVENTARIO DE AUTOESTIMA - NIÑOS;Socioemocional y Conducta;8 a 15 años;Estimación (Claude, por nombre)
CPE - Cuestionario de Participación del Alumno;Procesamiento cognitivo;Adolescentes y Adultos;Verificado (RUAH)
CPF - NPF - Test de personalidad;Socioemocional y Conducta;Adolescentes y Adultos;Verificado (RUAH)
CTAC - Cuestionario Tarragona de Ansiedad para Ciegos;Socioemocional y Conducta;Adultos;Verificado (RUAH)
CTC - Cuestionario TEA CLINICO;Procesamiento cognitivo;Adolescentes y Adultos;Verificado (RUAH)
CTI - Inventario de pensamiento constructivo;Procesamiento cognitivo;Adolescentes y Adultos;Verificado (RUAH)
CTMM - Test de madurez mental CALIFORNIA PRIMARIO;Procesamiento cognitivo;6 a 11 años (Nivel primario);Estimación (Claude, por nombre)
CTMM - Test de Madurez Mental de California (S-50);Procesamiento cognitivo;12 años en adelante (Nivel secundario/superior);Estimación (Claude, por nombre)
Cuestionario A-D - de conductas antisociales -delictivas- Nicolas S;Socioemocional y Conducta;Adolescentes y Adultos;Verificado (RUAH)
CUESTIONARIO DC BULLYING;Procesamiento cognitivo;Niños y Adolescentes (Escolares);Verificado (RUAH)
Cuestionario de alcoholismo;Procesamiento cognitivo;Adolescentes y Adultos;Verificado (RUAH)
CUESTIONARIO DE CREENCIAS IRRACIONALES;Procesamiento cognitivo;Adolescentes y Adultos;Verificado (RUAH)
CUESTIONARIO de Habilidades sociales;Socioemocional y Conducta;Adolescentes y Adultos;Verificado (RUAH)
Cuestionario de Salud para Pacientes;Procesamiento cognitivo;Adolescentes y Adultos;Verificado (RUAH)
Cuestionario de Valoración del LIDER de una EMPRESA;Procesamiento cognitivo;Adolescentes y Adultos;Verificado (RUAH)
CUESTIONARIO EXPLORATORIA DE PROBLEMAS DE APRENDIZAJE;Procesamiento cognitivo;6 a 9 años (1° a 4° básico);PsicoGest (ficha técnica verificada)
CUESTIONARIO PARA LA DETECCION PRECOZ DEL ESPECTRO AUTISTA;Procesamiento cognitivo;Niños (Detección precoz);Verificado (RUAH)
Cuestionario para Obsesivo Compulsivo de la Bebida;Procesamiento cognitivo;Adolescentes y Adultos (A partir de 15 años);Verificado (RUAH)
CUIDA - CUESTIONARIO DE EV. DE ADOPTANTES, CUIDADORES Y MEDIADORES;Procesamiento cognitivo;Adultos (Adoptantes y cuidadores);Verificado (RUAH)
DANSA -Dispositivo Psicoanalítico de Apercepción en Situación de Abandono;Procesamiento cognitivo;Adolescentes y Adultos;Verificado (RUAH)
DECATEST - Batería de test de oficios;Procesamiento cognitivo;Adolescentes y Adultos;Verificado (RUAH)
DENVER - TEST DE DESARROLLO INFANTIL;Procesamiento cognitivo;0 a 6 años;Estimación (Claude, por nombre)
DHAC - Desarrollo de las habilidades cognitivas;Procesamiento cognitivo;Adolescentes y Adultos;Verificado (RUAH)
Dibujo de la Figura Humana - EN NIÑOS;Procesamiento cognitivo;Población infantil (rango exacto no determinable solo por nombre);Estimación (Claude, por nombre)
Dibujo Test - en abuso sexual Infantil;Procesamiento cognitivo;Población infantil (rango exacto no determinable solo por nombre);Estimación (Claude, por nombre)
DIT - Cuestionario sobre Problemas Sociomorales (DIT);Lenguaje;Adultos;Verificado (RUAH)
DSA-Desarrollo socio-afectivo;Socioemocional y Conducta;Adolescentes y Adultos;Verificado (RUAH)
EBP - Escala de bienestar psicologico;Procesamiento cognitivo;Adultos;Verificado (RUAH)
ECNI - Escala de Calificación para Nivel Inicial;Procesamiento cognitivo;Niños (Nivel Inicial / Preescolar);Verificado (RUAH)
ECP - ESCALA DE CALIFICACION PERSONAL;Procesamiento cognitivo;Adolescentes y Adultos;Verificado (RUAH)
EDI-2 - INVENTARIO DE TRASTORNO DE LA CONDUCTA ALIMENTARIA;Socioemocional y Conducta;12 años en adelante;Estimación (Claude, por nombre)
EHS - Escala de habilidades sociales;Socioemocional y Conducta;Adolescentes y adultos;Estimación (Claude, por nombre)
EHS - NUEVA VERSION- Escala de habilidades sociales;Socioemocional y Conducta;Adolescentes y Adultos;Verificado (RUAH)
Ejercicios de estimulación Cognitiva 1;Procesamiento cognitivo;Adolescentes y Adultos;Verificado (RUAH)
Ejercicios de estimulación Cognitiva 2;Procesamiento cognitivo;Adolescentes y Adultos;Verificado (RUAH)
Ejercicios de estimulación Cognitiva 3;Procesamiento cognitivo;Adolescentes y Adultos;Verificado (RUAH)
Ejercicios de estimulación Cognitiva 4;Procesamiento cognitivo;Adolescentes y Adultos;Verificado (RUAH)
ELO - El Lider y su Personalidad;Socioemocional y Conducta;Adolescentes y Adultos;Verificado (RUAH)
EMA - Escala Multidimensional de Asertividad;Procesamiento cognitivo;Adolescentes y Adultos;Verificado (RUAH)
EMIC - Escala de magallanes- EMIC;Procesamiento cognitivo;Adolescentes y Adultos;Verificado (RUAH)
EmPeCemos - Programa para la intervencion en problemas de conducta infantiles;Socioemocional y Conducta;Población infantil (rango exacto no determinable solo por nombre);Estimación (Claude, por nombre)
EMTDA - H Esc de magallanes de ev del tras por deficit de at con hip;Procesamiento cognitivo;6 a 16 años;Estimación (Claude, por nombre)
EOS - 2 - Programa de solución de conflictos interpersonales;Procesamiento cognitivo;Adolescentes y Adultos;Verificado (RUAH)
EOS - 3 - Programa de solución de conflictos interpersonales;Procesamiento cognitivo;Adolescentes y Adultos;Verificado (RUAH)
EOS-1 - Programa de Solución de conflictos interpersonales;Procesamiento cognitivo;Adolescentes y Adultos;Verificado (RUAH)
EPI Cuestionario de Personalidad de adolescentes y adultos;Socioemocional y Conducta;Población adolescente (rango exacto no determinable solo por nombre);Estimación (Claude, por nombre)
EPPS - Cuestionario de Preferencias Personales de Edwards;Procesamiento cognitivo;Adolescentes y Adultos;Verificado (RUAH)
ER - escala de resiliencia ER - adolescentes y adultos;Procesamiento cognitivo;Población adolescente (rango exacto no determinable solo por nombre);Estimación (Claude, por nombre)
EROS - Escala de rasgos orientada al servicio;Procesamiento cognitivo;Adolescentes y Adultos;Verificado (RUAH)
ESCALA DE ALEXANDER;Procesamiento cognitivo;Adolescentes y Adultos;Verificado (RUAH)
Escala de COMUNICACION ADOLESCENTES-Padres;Procesamiento cognitivo;Población adolescente (rango exacto no determinable solo por nombre);Estimación (Claude, por nombre)
Escala de Depresión geriatrica;Socioemocional y Conducta;60 años en adelante;PsicoGest (ficha técnica verificada)
Escala de Lateralidad;Desarrollo psicomotor;Niños (4 a 10 años);Verificado (RUAH)
Escala de magallanes- EMIC;Procesamiento cognitivo;Adolescentes y Adultos;Verificado (RUAH)
Escala de observación de conducta anoréxica para padres esposos;Socioemocional y Conducta;Adolescentes y Adultos;Verificado (RUAH)
ESCALA DE OZERETSKY - Test de motricidad en niños;Desarrollo psicomotor;Población infantil (rango exacto no determinable solo por nombre);Estimación (Claude, por nombre)
ESCALA DE RESILIENCIA EN ADOLESCENTES;Procesamiento cognitivo;Población adolescente (rango exacto no determinable solo por nombre);Estimación (Claude, por nombre)
Escala de Resiliencia Wagnild y Young;Procesamiento cognitivo;Adolescentes y Adultos;Verificado (RUAH)
ESCALA DE VINELAND;Procesamiento cognitivo;0 a 90 años (escala de conducta adaptativa, todo el ciclo vital);Estimación (Claude, por nombre)
ESCALA EOD - Escala observacional del desarrollo;Procesamiento cognitivo;Niños (Primera infancia / 0 a 6 años);Verificado (RUAH)
ESCALA LEONHARDT;Procesamiento cognitivo;Niños (Primera infancia / 0 a 6 años);Verificado (RUAH)
ESCOLA - Escala de conciencia lectora;Procesos lectores;8 a 16 años (edad escolar);Estimación (Claude, por nombre)
ESPA 29 - Escala de estilos de socializacion parental en la adolescencia;Socioemocional y Conducta;Adolescentes (hijos evaluando estilo parental), 12-18 años aprox.;Estimación (Claude, por nombre)
ESPERI - Deteccion de los trastornos del comportamiento en niños y adolescentes;Procesamiento cognitivo;Población infantil (rango exacto no determinable solo por nombre);Estimación (Claude, por nombre)
FI-R - FORMAS IDENTICAS-R;Procesamiento cognitivo;Adolescentes y Adultos;Verificado (RUAH)
FIGS - Prueba de frases incompletas con aplicación a la industria;Procesamiento cognitivo;Adolescentes y Adultos;Verificado (RUAH)
FIGURA HUMANA Normas regionales - Martina Casullo;Procesamiento cognitivo;Adolescentes y adultos;Estimación (Claude, por nombre)
FRIDA - FAC. DE RIESGO INTERPER. PARA EL CON. DE DROGAS EN ADOLES;Procesamiento cognitivo;Adolescentes (12-18 años);Estimación (Claude, por nombre)
FTT - Test de los Cuentos de Hadas;Procesamiento cognitivo;Niños (7 a 12 años);Verificado (RUAH)
Goldberg - Test de Escala de Ansiedad - Depresion;Socioemocional y Conducta;A partir de 16 años (Adolescentes y Adultos);Verificado (RUAH)
Guía de Portage de Educación Preescolar;Procesamiento cognitivo;8 a 16 años (edad escolar);Estimación (Claude, por nombre)
HAMER - Test proyectivos gráficos;Procesamiento cognitivo;Adolescentes y Adultos;Verificado (RUAH)
HCR-20 - GUIA PARA LA VALORACION DEL RIESGO DE COMPORTAMIENTOS VIOLENTOS;Procesamiento cognitivo;Adolescentes y Adultos;Verificado (RUAH)
HEREFORD- INVENTARIO DE INTERESES PROFESIONALES;Orientación vocacional;Adultos (Ámbito Laboral);Verificado (RUAH)
IAC- Cuestionario de adaptación de la conducta IAC;Socioemocional y Conducta;Adolescentes y Adultos;Verificado (RUAH)
IADA - Inventario Autodescriptivo del adolescente;Procesamiento cognitivo;Población adolescente (rango exacto no determinable solo por nombre);Estimación (Claude, por nombre)
ICOD - Instrumento de Codependencia de Gloria N;Procesamiento cognitivo;Adolescentes y Adultos;Verificado (RUAH)
IDDA -EA - Inventario diferencial de adjetivos para el estudio del estado de animo;Procesamiento cognitivo;Adolescentes y Adultos;Verificado (RUAH)
IDE - Inventario de Dependencia emocional;Socioemocional y Conducta;Adolescentes y Adultos;Verificado (RUAH)
IHB - Inventario de habilidades básicas;Procesamiento cognitivo;Adolescentes y Adultos;Verificado (RUAH)
IHE - Inventario de hábitos de estudio;Procesamiento cognitivo;12 a 25 años;PsicoGest (ficha técnica verificada)
IMAFE - Inventario de masculinidad y femineidad;Procesamiento cognitivo;Adolescentes y Adultos;Verificado (RUAH)
INCAVISA - Inventario de calidad de vida y salud;Procesamiento cognitivo;Adolescentes y Adultos;Verificado (RUAH)
INDACPS-N - DESAJUSTE DEL COMPOR PSICOSOCIAL PARA Niños EC;Socioemocional y Conducta;Población infantil (rango exacto no determinable solo por nombre);Estimación (Claude, por nombre)
INSEB - Jose;Procesamiento cognitivo;Adolescentes y Adultos;Verificado (RUAH)
INVENTARIO DE ACTITUDES HACIA LA VIDA;Procesamiento cognitivo;Adolescentes y Adultos;Verificado (RUAH)
INVENTARIO DE AFRONTAMIENTO DEL ESTRES;Procesamiento cognitivo;Adolescentes y Adultos;Verificado (RUAH)
INVENTARIO DE AUTOCONCEPTO EN EL MEDIO ESCOLAR;Procesamiento cognitivo;8 a 16 años (edad escolar);Estimación (Claude, por nombre)
INVENTARIO DE CREENCIAS IRRACIONALES;Procesamiento cognitivo;Adolescentes y Adultos;Verificado (RUAH)
Inventario de Hostilidad - Agresividad de BUSS-DURKEE;Procesamiento cognitivo;Adolescentes y Adultos (A partir de 15 años);Verificado (RUAH)
Inventarios de Aptitudes e Intereses de Ismael Vidales Delgado;Orientación vocacional;Adultos (Ámbito Laboral);Verificado (RUAH)
IPCS - Inventario de Problemas Conductuales y Socioemocionales;Socioemocional y Conducta;Adolescentes y Adultos;Verificado (RUAH)
IPCS Inventario de Pruebas Conductuales y socioemocionales Nueva versión;Socioemocional y Conducta;Adolescentes y Adultos;Verificado (RUAH)
ISRA - Inventario de situaciones y respuestas de ansiedad- Miguel Tobal - TEA;Socioemocional y Conducta;A partir de 16 años (Adolescentes y Adultos);Verificado (RUAH)
ISRA - NUEVA VERSION - Miguel Tobal;Procesamiento cognitivo;A partir de 16 años (Adolescentes y Adultos);Verificado (RUAH)
ITAAN - INVENTARIO DE PERSONALIDAD DE IMAGEN CORPORAL;Socioemocional y Conducta;Adolescentes y Adultos;Verificado (RUAH)
Kendall-Tratamiento para trastornos de ansiedad;Socioemocional y Conducta;A partir de 16 años (Adolescentes y Adultos);Verificado (RUAH)
KOMUNICA - programa para el desarrollo del conocimiento fonológico;Procesamiento cognitivo;Adolescentes y Adultos;Verificado (RUAH)
KOSTICK - INVENTARIO DE LA PERCEPCION;Procesamiento cognitivo;Adolescentes y Adultos;Verificado (RUAH)
LASSIE - TEST DE ESTRATEGIAS DE APRENDIZAJE;Procesamiento cognitivo;Adolescentes y Adultos;Verificado (RUAH)
LIFO - ESTILO GERENCIAL;Procesamiento cognitivo;Adolescentes y Adultos;Verificado (RUAH)
Lista de Cheque conductual de la agresividad para niños;Procesamiento cognitivo;Población infantil (rango exacto no determinable solo por nombre);Estimación (Claude, por nombre)
LISTA DE CHEQUEO CONDUCTAS HIPERACTIVAS;Socioemocional y Conducta;Niños en edad escolar;Estimación (Claude, por nombre)
LOLE PARTE 1;Procesamiento cognitivo;Niños (Preescolar y Primaria / Conciencia Fonológica);Verificado (RUAH)
LOLE PARTE 2;Procesamiento cognitivo;Niños (Preescolar y Primaria / Conciencia Fonológica);Verificado (RUAH)
LOLE PARTE 3;Procesamiento cognitivo;Niños (Preescolar y Primaria / Conciencia Fonológica);Verificado (RUAH)
LSB-50 - Listado de síntomas breve;Procesamiento cognitivo;Adultos y Adolescentes;Verificado (RUAH)
Luscher - Test de los Colores;Procesamiento cognitivo;Adolescentes y Adultos;Verificado (RUAH)
Luscher ED 8 - Test de los Colores;Procesamiento cognitivo;Adolescentes y Adultos;Verificado (RUAH)
M.E.D.Y.R - Test de apoyo a la docencia;Procesamiento cognitivo;1° a 4° básico;PsicoGest (ficha técnica verificada)
MAI - Memoria auditiva inmediata 7ma edición;Memoria;6 a 18 años (edad escolar);Estimación (Claude, por nombre)
MAI - Test de memoria auditiva inmediata;Memoria;6 a 18 años (edad escolar);Estimación (Claude, por nombre)
Manual Avanzado para padres de niños Autistas;Procesamiento cognitivo;Población infantil (rango exacto no determinable solo por nombre);Estimación (Claude, por nombre)
Manual de primeros auxilios para padres en proceso de separación y divorcio;Procesamiento cognitivo;Adolescentes y Adultos;Verificado (RUAH)
MANUAL DE TEST GRAFICOS - Maurizio Sandro;Procesamiento cognitivo;Adolescentes y Adultos;Verificado (RUAH)
MAX LUSCHER - Test de los colores - Para el análisis de la personalidad;Socioemocional y Conducta;Adolescentes y Adultos;Verificado (RUAH)
MFF - 20 - Test de emparejamiento de figuras conocidas;Procesamiento cognitivo;Adultos (Parejas);Verificado (RUAH)
MINI ARCO;Procesamiento cognitivo;Adolescentes y Adultos;Verificado (RUAH)
MINI MULT - INVENTARIO MULTIFASICO DE LA PERSONALIDAD;Socioemocional y Conducta;Adultos (16 años en adelante);Verificado (RUAH)
MO - METODO Y ORDEN (MO 1 Y 2);Procesamiento cognitivo;Adolescentes y Adultos;Verificado (RUAH)
MOS - cuestionario de adaptabilidad social;Socioemocional y Conducta;Adolescentes y Adultos;Verificado (RUAH)
MOSS - Cuestionario de Adaptabilidad Social;Socioemocional y Conducta;Adolescentes y Adultos;Verificado (RUAH)
MSCA - Escala de Mccarthy de aptitudes y psicomotricidad para niños;Desarrollo psicomotor;2 años y medio a 8 años y medio;Estimación (Claude, por nombre)
MSI-R - Inventario de satisfacción marital Revisado;Procesamiento cognitivo;Adultos (Parejas);Verificado (RUAH)
MVR - Test de Memoria visual de rostros;Memoria;Adolescentes y adultos;Estimación (Claude, por nombre)
MY - Test de memoria (Primaria y eso);Memoria;Primaria y ESO (6 a 16 años aprox.);Estimación (Claude, por nombre)
Ordenes de Oficina - Forma 2 y 3;Procesamiento cognitivo;Adolescentes y Adultos;Verificado (RUAH)
PA PREFERENCE INVENTORY PAPI;Procesamiento cognitivo;Adolescentes y Adultos;Verificado (RUAH)
PCL - R - Escala de Calificación de la Psicopatía - Robert Hare;Procesamiento cognitivo;Adolescentes y Adultos;Verificado (RUAH)
PCL-R - T 2003;Procesamiento cognitivo;Adultos;Verificado (RUAH)
PEEC - Prueba exploratoria de escritura Cursiva;Escritura;6 a 10 años (2° a 5° básico);PsicoGest (ficha técnica verificada)
PFB - RENDIMIENTO EN LECTURA Y ESCRITURA;Procesos lectores;Educación Primaria (6-12 años aprox.);Estimación (Claude, por nombre)
PIAAR-R - Programa de intervencion educativa para aumentar la atencion y la reflexividad;Atención;6 a 12 años (Educación Primaria);Estimación (Claude, por nombre)
PLBS - Escala Preescolar de Conductas de Aprendizaje;Socioemocional y Conducta;3 a 6 años (Preescolar);Estimación (Claude, por nombre)
PLS-4 - Escala de Lenguaje en Pre-escolares;Lenguaje;0 a 6 años (edad preescolar);Estimación (Claude, por nombre)
PMK - Psicodiagnóstico Miokinético;Procesamiento cognitivo;Adolescentes y Adultos;Verificado (RUAH)
POLINGER - Escala de tendencias suicidas de Polinger;Procesamiento cognitivo;Adolescentes y Adultos;Verificado (RUAH)
POZZAR - PERFIL PERSONAL DE HABITOS DE ESTUDIO;Procesamiento cognitivo;Adolescentes y Jóvenes (Secundaria y Universidad);Verificado (RUAH)
PRIMARIA - Test de aptitudes cognocitivas;Procesamiento cognitivo;Niños (Etapa Primaria);Verificado (RUAH)
Prueba de habilidad Gerencial;Procesamiento cognitivo;Adolescentes y Adultos;Verificado (RUAH)
PRUEBA DE ORGANIZACION PERCEPTIVA - H Santucci;Procesamiento cognitivo;Adolescentes y Adultos;Verificado (RUAH)
PTI - 16 - TEST DE PERSONALIDAD;Socioemocional y Conducta;Adolescentes y Adultos;Verificado (RUAH)
RATHUS - Test de asertividad;Procesamiento cognitivo;Adolescentes y Adultos;Verificado (RUAH)
RP-30 - Test de Resolución de Problemas;Procesamiento cognitivo;Adolescentes y Adultos;Verificado (RUAH)
RT- Test de los tres personajes;Procesamiento cognitivo;Adolescentes y Adultos;Verificado (RUAH)
SARA Manual para la valoración de riesgo contra la pareja;Procesamiento cognitivo;Adultos (Parejas);Verificado (RUAH)
SAT - Test de apercepción para edades avanzadas;Procesamiento cognitivo;Adultos Mayores (Tercera Edad);Verificado (RUAH)
SCIP-S - Deterioro Cognitivo;Psicogerontología;Adultos y adultos mayores (deterioro cognitivo);Estimación (Claude, por nombre)
SERIES LOGICAS - Habilidad mental;Procesamiento cognitivo;Adolescentes y Adultos;Verificado (RUAH)
SET-I - Batería de test para la selección del personal administrativo;Procesamiento cognitivo;Adolescentes y Adultos;Verificado (RUAH)
Shu Test - Atencion y Percepciones de Diferencias;Atención;Adultos;Verificado (RUAH)
SIS - Escala de intensidad de apoyos;Procesamiento cognitivo;Adolescentes y Adultos;Verificado (RUAH)
Sistema de Representación - Cómo seleccionamos y representamos la Info;Procesamiento cognitivo;Adolescentes y Adultos;Verificado (RUAH)
SIV - cuestionario de Valores Interpersonales;Procesamiento cognitivo;Adolescentes y Adultos (A partir de 15 años);Verificado (RUAH)
SOC - Escala de dificultades de socialización;Socioemocional y Conducta;Adolescentes y Adultos;Verificado (RUAH)
SOC Escala de dificultades de Socialización de Cantoblanco;Socioemocional y Conducta;Adolescentes y Adultos;Verificado (RUAH)
SPV - Cuestionario de valores personales;Procesamiento cognitivo;Adolescentes y Adultos;Verificado (RUAH)
SROM - CUESTIONARIO DE REFLEXION SOCIO MORAL;Lenguaje;Adultos;Verificado (RUAH)
SRQ - 18 - Cuestionario de síntomas;Procesamiento cognitivo;Adolescentes y Adultos;Verificado (RUAH)
SRQ - Cuestionario de sintomas para Niños;Procesamiento cognitivo;Población infantil (rango exacto no determinable solo por nombre);Estimación (Claude, por nombre)
Sucesos de Vida;Procesamiento cognitivo;Adolescentes y Adultos;Verificado (RUAH)
SVR-20 - Manual de valoracion de riesgo de violencia sexual;Procesamiento cognitivo;Adolescentes y Adultos;Verificado (RUAH)
SYMONDS - Test de Cuadros para Adolescentes;Procesamiento cognitivo;Población adolescente (rango exacto no determinable solo por nombre);Estimación (Claude, por nombre)
T-P - PRUEBA PERCEPTIVA Y DE ATENCION TOULOUSE PIERON;Atención;6 años en adelante;Estimación (Claude, por nombre)
T.O.F.C. DE LONGEOT - TEST DE OPERACIONES FORMALES COMBINATORIA;Procesamiento cognitivo;Adultos (Ámbito Laboral);Verificado (RUAH)
TAE - Batería de Test de Autoestima Escolar;Socioemocional y Conducta;8 a 13 años;PsicoGest (ficha técnica verificada)
TEA 1 - test de aptitudes escolares;Procesamiento cognitivo;Educación Primaria (aprox. 6-8 años, según nivel);Estimación (Claude, por nombre)
TECA - Test de Empatía cognitiva y afectiva;Procesamiento cognitivo;Adolescentes y adultos;Estimación (Claude, por nombre)
TEDI-MATH - Test para el diagnóstico de las competencias basicas en matemáticas;Matemáticas y Cálculo;4 a 8 años (Prekinder a 3º Básico);PsicoGest (ficha técnica verificada)
TEFP - Test Exploración de la Función Poética;Procesamiento cognitivo;Adolescentes y Adultos;Verificado (RUAH)
TEPSI - Test de desarrollo psicomotor;Desarrollo psicomotor;2 a 5 años;Estimación (Claude, por nombre)
TEST 5 y 6 - FORMA B;Procesamiento cognitivo;Niños (5 a 6 años / Madurez Escolar);Verificado (RUAH)
TEST 5-6;Procesamiento cognitivo;5 a 6 años con 11 meses;PsicoGest (ficha técnica verificada)
TEST ABC - Lorenzo Filho;Procesamiento cognitivo;5 a 6 años y medio;PsicoGest (ficha técnica verificada)
TEST AGRESIVIDAD Infantil- Savina Varona;Procesamiento cognitivo;Población infantil (rango exacto no determinable solo por nombre);Estimación (Claude, por nombre)
TEST BPRS;Procesamiento cognitivo;Adolescentes y Adultos;Verificado (RUAH)
TEST breve de Bilinguismo;Procesamiento cognitivo;Adolescentes y Adultos;Verificado (RUAH)
TEST DE 90 SINTOMAS;Procesamiento cognitivo;Adultos y Adolescentes;Verificado (RUAH)
Test de agresividad infantil;Procesamiento cognitivo;Población infantil (rango exacto no determinable solo por nombre);Estimación (Claude, por nombre)
Test de asertividad de Rathus;Procesamiento cognitivo;Adolescentes y Adultos;Verificado (RUAH)
Test de autoconcepto de Piers Harris;Procesamiento cognitivo;7 a 18 años;PsicoGest (ficha técnica verificada)
Test de autovaloracion - Robert Spitzer;Procesamiento cognitivo;Adolescentes y Adultos;Verificado (RUAH)
TEST DE COMPRENSION VERBAL TOKEN;Procesamiento cognitivo;Niños y Adultos (Afasia/Comprensión);Verificado (RUAH)
Test de Configuracion Psicologica Individual CPI;Procesamiento cognitivo;Adolescentes y Adultos;Verificado (RUAH)
Test de Escala de Adiccion General;Procesamiento cognitivo;Adolescentes y Adultos;Verificado (RUAH)
Test de estrellas y olas de Ursula Avé;Procesamiento cognitivo;Adolescentes y Adultos;Verificado (RUAH)
TEST DE FRUSTACION - Rosenzweig;Procesamiento cognitivo;Adolescentes y adultos;PsicoGest (ficha técnica verificada)
TEST DE GARDNER;Procesamiento cognitivo;2 a 18 años;PsicoGest (ficha técnica verificada)
Test de GLAZER;Procesamiento cognitivo;Adolescentes y Adultos;Verificado (RUAH)
Test de Habilidades sociales;Socioemocional y Conducta;Adolescentes y Adultos;Verificado (RUAH)
Test De Hutt;Procesamiento cognitivo;Adolescentes y Adultos;Verificado (RUAH)
Test de Identidad de Rostros;Procesamiento cognitivo;Adolescentes y Adultos;Verificado (RUAH)
TEST DE IMITACIÓN DE GESTOS DE BERGE Y LEZINE;Procesamiento cognitivo;Adolescentes y Adultos;Verificado (RUAH)
Test de Informador (17 Items);Procesamiento cognitivo;Adolescentes y Adultos;Verificado (RUAH)
Test de Inventario breve de Funcionamiento Sexual;Procesamiento cognitivo;Adolescentes y Adultos;Verificado (RUAH)
TEST DE LA CASA - Dra Maria;Procesamiento cognitivo;Adolescentes y Adultos;Verificado (RUAH)
TEST DE LA PAREJA;Procesamiento cognitivo;Adultos (Parejas);Verificado (RUAH)
TEST DE LA PERSONA CON ARMA;Procesamiento cognitivo;Adolescentes y Adultos;Verificado (RUAH)
TEST DE LOS 4 TEMPERAMENTOS;Procesamiento cognitivo;Adolescentes y Adultos;Verificado (RUAH)
TEST DE LOS 5 DIGITOS;Procesamiento cognitivo;Adolescentes y Adultos;Verificado (RUAH)
Test de los Colores - Para el analisis de personalidad y solucion de conflictos;Socioemocional y Conducta;Adolescentes y Adultos;Verificado (RUAH)
Test de Luscher - Test de los Colores - Para el uso Clínico y no Clínico;Procesamiento cognitivo;Adolescentes y Adultos;Verificado (RUAH)
Test de MacArthur;Procesamiento cognitivo;Niños (8 a 30 meses);Verificado (RUAH)
Test de MAST- Alcoholismo;Procesamiento cognitivo;Adolescentes y Adultos;Verificado (RUAH)
TEST DE MEMORIA AUDITIVA M - 3;Memoria;Adultos;Verificado (RUAH)
TEST DE MEMORIA AUDITIVA M-4;Memoria;Adultos;Verificado (RUAH)
Test de Myers Briggs Tipos de Personalidad;Socioemocional y Conducta;Adolescentes y Adultos;Verificado (RUAH)
Test de Naipes;Procesamiento cognitivo;A partir de 10-12 años y Adultos;Verificado (RUAH)
Test de Naipes G;Procesamiento cognitivo;A partir de 10-12 años y Adultos;Verificado (RUAH)
Test de Neurosis;Procesamiento cognitivo;Adolescentes y Adultos;Verificado (RUAH)
Test de Represion Sexual;Procesamiento cognitivo;Adolescentes y Adultos;Verificado (RUAH)
Test de Stress;Procesamiento cognitivo;Adolescentes y Adultos;Verificado (RUAH)
Test del Cepillo Dental;Procesamiento cognitivo;Adolescentes y Adultos;Verificado (RUAH)
Test del dibujo del reloj;Procesamiento cognitivo;Adultos y Adultos Mayores (Deterioro cognitivo);Verificado (RUAH)
Test del Hongo;Procesamiento cognitivo;Adolescentes y Adultos;Verificado (RUAH)
TEST ENEAGRAMA - Riso Hudson;Procesamiento cognitivo;Adolescentes y Adultos;Verificado (RUAH)
Test EQ - Inteligencia emocional;Socioemocional y Conducta;Adolescentes y Adultos;Verificado (RUAH)
TEST ESTILOS DE PENSAMIENTO;Procesamiento cognitivo;Adolescentes y Adultos;Verificado (RUAH)
Test exploratorio A Toronto;Procesamiento cognitivo;Niños (3 a 6 años);Verificado (RUAH)
TEST EXPLORATORIO DE GRAMATICA DE A. TORONTO;Procesamiento cognitivo;Niños (3 a 6 años);Verificado (RUAH)
TEST GRAFOLOGICO Elemental - Mauricio Xandro;Procesamiento cognitivo;Adolescentes y Adultos;Verificado (RUAH)
TEST GRAFOLOGICO Superior - Mauricio Xandro;Procesamiento cognitivo;Adolescentes y Adultos;Verificado (RUAH)
TEST NO VERBAL- universidad de Purdue;Procesamiento cognitivo;Adolescentes y Adultos;Verificado (RUAH)
TEST PARA LA COMPRENSION AUDITIVA DEL LENGUAJE;Lenguaje;3 a 6 años;PsicoGest (ficha técnica verificada)
Test Psicotécnicos;Procesamiento cognitivo;Adolescentes y Adultos;Verificado (RUAH)
TEST YO PIENSO - YO SIENTO;Procesamiento cognitivo;Adolescentes y Adultos;Verificado (RUAH)
TESTS PSICOTECNICOS;Procesamiento cognitivo;Niños (Nivel Inicial / Preescolar);Verificado (RUAH)
TLP - TEST DE LABERINTOS DE PORTEUS;Procesamiento cognitivo;Niños, Adolescentes y Adultos (3 años en adelante);Verificado (RUAH)
TN - Test numéricos;Procesamiento cognitivo;Adolescentes y Adultos;Verificado (RUAH)
TORI;Procesamiento cognitivo;Adolescentes y Adultos;Verificado (RUAH)
TP - R - Toulouse Pieron;Procesamiento cognitivo;6 años en adelante;Estimación (Claude, por nombre)
TPG - Test de Psicodiagnostico Gestalt;Procesamiento cognitivo;Adolescentes y Adultos;Verificado (RUAH)
Trauma - Test de resistencia la trauma;Procesamiento cognitivo;Adolescentes y Adultos;Verificado (RUAH)
TSGD - Test gráfico de situaciones deportivas;Procesamiento cognitivo;Adolescentes y Adultos;Verificado (RUAH)
VALANTI - Cuestionario de valores y Antivalores;Procesamiento cognitivo;Adultos (Selección de Personal);Verificado (RUAH)
WMS-III - ESCALA DE MEMORIA de Wechsler;Memoria;16 a 89 años;Estimación (Claude, por nombre)
Wonderlic - Guia para examen del Personal;Procesamiento cognitivo;Adultos (Selección de Personal);Verificado (RUAH)
Zavic - Personalidad sobre valores e intereses;Procesamiento cognitivo;Adultos (Selección de Personal);Verificado (RUAH)
